<?xml version="1.0"?>
<doc>
    <assembly>
        <name>KMN_Tontine.API</name>
    </assembly>
    <members>
        <member name="M:KMN_Tontine.API.Controllers.ComptesController.GetComptesByMembre(System.String)">
            <summary>
            Récupère tous les comptes d'un membre spécifique
            </summary>
            <param name="membreId">L'identifiant unique du membre</param>
            <returns>La liste des comptes du membre</returns>
            <response code="200">Retourne la liste des comptes</response>
            <response code="401">Non autorisé</response>
            <response code="404">Aucun compte trouvé pour ce membre</response>
        </member>
        <member name="M:KMN_Tontine.API.Controllers.ComptesController.GetCompte(System.Int32)">
            <summary>
            Récupère un compte spécifique par son ID
            </summary>
            <param name="id">L'identifiant unique du compte</param>
            <returns>Le compte demandé</returns>
            <response code="200">Retourne le compte demandé</response>
            <response code="401">Non autorisé</response>
            <response code="404">Compte non trouvé</response>
        </member>
    </members>
</doc>
